{
  "MAE": 67.48005085795319,
  "RMSE": 84.23151823064735,
  "MAPE": 33.072593778247594,
  "R\u00b2": 0.21574243177239938
}