{
  "MAE": 23.020913836599767,
  "RMSE": 27.804830350778698,
  "MAPE": 9.823428269694709,
  "R\u00b2": 0.9145425439723169
}