{
  "MAE": 30.486344962284477,
  "RMSE": 38.33809393520042,
  "MAPE": 14.4941244940955,
  "R\u00b2": 0.837531004519313
}