MAE,RMSE,MAPE,R²
82.15174010385618,102.36248034986974,14.454398559878335,0.02160922567517576
