Model,MAE,RMSE,MAPE,R²
LSTM,67.48005085795319,84.23151823064735,33.072593778247594,0.21574243177239938
Persistence,10.367816091954026,14.511107407309147,4.155144365197789,0.976723880708632
Linear Regression,1.6710005027185805e-13,2.1009162393297283e-13,6.957609997155101e-14,1.0
