{
  "MAE": 82.15174010385618,
  "RMSE": 102.36248034986974,
  "MAPE": 14.454398559878335,
  "R\u00b2": 0.02160922567517576
}