MAE,RMSE,MAPE,R²
2.0671620122471035,2.814259429935174,0.8085489028793067,-0.058023038784346115
