MAE,RMSE,MAPE,R²
5.530116806745227,6.137274275288783,2.188843592278289,-4.031736956599312
